{"webui.fls.view":0,"webui.show_cats":1,"webui.show_dets":1,"webui.needmessage":1,"webui.reqtimeout":30000,"webui.confirm_when_deleting":1,"webui.alternate_color":0,"webui.update_interval":3000,"webui.hsplit":0.88,"webui.vsplit":0.5,"webui.effects":0,"webui.fullrows":0,"webui.no_delaying_draw":1,"webui.search":-1,"webui.speedlistdl":"100,150,200,250,300,350,400,450,500,750,1000,1250","webui.speedlistul":"100,150,200,250,300,350,400,450,500,750,1000,1250","webui.ignore_timeouts":0,"webui.retry_on_error":120,"webui.lang":"en","webui.trt.colwidth":[200,100,60,100,100,100,60,60,60,60,60,60,60,80,100,90,100,100],"webui.trt.colenabled":[1,1,1,1,1,1,1,1,1,1,1,1,1,1,1,1,1,1],"webui.trt.colorder":[0,1,2,3,4,5,6,7,8,9,10,11,12,13,14,15,16,17],"webui.trt.sindex":-1,"webui.trt.rev":0,"webui.fls.colwidth":[200,60,100,100,80],"webui.fls.colenabled":[1,1,1,1,1],"webui.fls.colorder":[0,1,2,3,4],"webui.fls.sindex":-1,"webui.fls.rev":0,"webui.trk.colwidth":[200,60,60,60,60,60,80],"webui.trk.colenabled":[1,1,1,1,1,1,1],"webui.trk.colorder":[0,1,2,3,4,5,6],"webui.trk.sindex":-1,"webui.trk.rev":0,"webui.prs.colwidth":[100,120,60,100,100,100,60,60],"webui.prs.colenabled":[1,1,1,1,1,1,1,1],"webui.prs.colorder":[0,1,2,3,4,5,6,7],"webui.prs.sindex":-1,"webui.prs.rev":0,"webui.plg.colwidth":[150,60,80,80,500],"webui.plg.colenabled":[1,1,1,1,1],"webui.plg.colorder":[0,1,2,3,4],"webui.plg.sindex":-1,"webui.plg.rev":0}